<?xml version="1.0" encoding="UTF-8"?>
<beans xmlns="http://www.springframework.org/schema/beans"
xmlns:xsi="http://www.w3.org/2001/XMLSchema-instance" 
xmlns:context="http://www.springframework.org/schema/context"
xmlns:mvc="http://www.springframework.org/schema/mvc"
xsi:schemaLocation="
http://www.springframework.org/schema/beans
    http://www.springframework.org/schema/beans/spring-beans.xsd
    http://www.springframework.org/schema/context
    http://www.springframework.org/schema/context/spring-context.xsd
    http://www.springframework.org/schema/mvc
        http://www.springframework.org/schema/mvc/spring-mvc.xsd">
<!-- 5 .Add support for Spring component scanning -->

<context:component-scan base-package="com.BinaryLogic"></context:component-scan>


<!--6 .Add support for conversion and validation -->
<mvc:annotation-driven></mvc:annotation-driven>
<mvc:default-servlet-handler />
<!-- 7. Define Spring MVC view Resolver-->
<bean class="org.springframework.web.servlet.view.InternalResourceViewResolver">
	<property name="prefix" value="/WEB-INF/view/"></property>
	<property name="suffix" value=".jsp"></property>
</bean>
 </beans>